{
    "b03dc51a-7986-11ed-a903-34f64bdd9c2a": 1.1999999999999997,
    "b6b14221-7986-11ed-a64c-34f64bdd9c2a": 0.10000000000000009,
    "872726c7-7b06-11ed-9a97-34f64bdd9c2a": -5.0
}